LP,Prioridade,Pergunta (PT),Pergunta (EN),Tem Case?,Case ID,Case Title,Score,Reasoning
customer_obsession,ALTA,"Conte uma situação onde você foi além da expectativa do cliente ou antecipou uma necessidade não expressa","Tell me about a time you went above and beyond customer expectations or anticipated an unexpressed need",sim,bradesco-next-customer-ritual,"Liderei o Ritual de Voz do Cliente que Levou o NPS do Next de 35 para 62",85,"Case do LP correto (customer_obsession); 1 keyword presente; Foco em cliente/experiência alinhado; Conceito alinhado (+10)"
customer_obsession,NORMAL,"Me fale sobre uma vez que você colocou o cliente em primeiro lugar","Tell me about a time you put the customer first",sim,bradesco-next-customer-ritual,"Liderei o Ritual de Voz do Cliente que Levou o NPS do Next de 35 para 62",90,"Case do LP correto (customer_obsession); 1 keyword presente; Foco em cliente/experiência alinhado; Conceito alinhado (+15)"
customer_obsession,NORMAL,"Conte sobre quando você teve que escolher entre cliente e métricas internas","Tell me about when you had to choose between customer and internal metrics",sim,bradesco-next-customer-ritual,"Liderei o Ritual de Voz do Cliente que Levou o NPS do Next de 35 para 62",85,"Case do LP correto (customer_obsession); 1 keyword presente; Foco em cliente/experiência alinhado; Conceito alinhado (+10)"
customer_obsession,NORMAL,"Como você entende as necessidades dos clientes?","How do you understand customer needs?",sim,bradesco-next-customer-ritual,"Liderei o Ritual de Voz do Cliente que Levou o NPS do Next de 35 para 62",85,"Case do LP correto (customer_obsession); 1 keyword presente; Foco em cliente/experiência alinhado; Conceito alinhado (+10)"
customer_obsession,NORMAL,"Descreva uma situação onde você melhorou a experiência do cliente","Describe a situation where you improved customer experience",sim,bradesco-next-customer-ritual,"Liderei o Ritual de Voz do Cliente que Levou o NPS do Next de 35 para 62",90,"Case do LP correto (customer_obsession); 1 keyword presente; Foco em cliente/experiência alinhado; Conceito alinhado (+15)"
customer_obsession,NORMAL,"Conte sobre uma vez que você usou feedback de clientes para mudar completamente uma estratégia de produto","Tell me about a time you used customer feedback to completely change a product strategy",sim,bradesco-next-customer-ritual,"Liderei o Ritual de Voz do Cliente que Levou o NPS do Next de 35 para 62",85,"Case do LP correto (customer_obsession); 1 keyword presente; Foco em cliente/experiência alinhado; Conceito alinhado (+10)"
customer_obsession,NORMAL,"Descreva uma situação onde você teve que equilibrar demandas competitivas de múltiplos clientes","Describe a situation where you had to balance competing demands from multiple customers",sim,bradesco-next-customer-ritual,"Liderei o Ritual de Voz do Cliente que Levou o NPS do Next de 35 para 62",85,"Case do LP correto (customer_obsession); 1 keyword presente; Foco em cliente/experiência alinhado; Conceito alinhado (+10)"
customer_obsession,NORMAL,"Me fale sobre quando você não conseguiu atender a expectativa de um cliente - o que você aprendeu?","Tell me about when you couldn't meet a customer's expectation - what did you learn?",sim,bradesco-next-customer-ritual,"Liderei o Ritual de Voz do Cliente que Levou o NPS do Next de 35 para 62",85,"Case do LP correto (customer_obsession); 1 keyword presente; Foco em cliente/experiência alinhado; Conceito alinhado (+10)"
customer_obsession,NORMAL,"Como você prioriza necessidades de clientes quando recursos são limitados?","How do you prioritize customer needs when resources are limited?",sim,bradesco-next-customer-ritual,"Liderei o Ritual de Voz do Cliente que Levou o NPS do Next de 35 para 62",85,"Case do LP correto (customer_obsession); 1 keyword presente; Foco em cliente/experiência alinhado; Conceito alinhado (+10)"
customer_obsession,NORMAL,"Conte sobre uma vez que você defendeu um cliente mesmo quando isso não era popular internamente","Tell me about a time you defended a customer even when it wasn't internally popular",sim,bradesco-next-customer-ritual,"Liderei o Ritual de Voz do Cliente que Levou o NPS do Next de 35 para 62",85,"Case do LP correto (customer_obsession); 1 keyword presente; Foco em cliente/experiência alinhado; Conceito alinhado (+10)"
customer_obsession,NORMAL,"Como você equilibra prevenção de fraude com experiência do cliente?","How do you balance fraud prevention with customer experience?",sim,bradesco-next-customer-ritual,"Liderei o Ritual de Voz do Cliente que Levou o NPS do Next de 35 para 62",90,"Case do LP correto (customer_obsession); 1 keyword presente; Foco em cliente/experiência alinhado; Conceito alinhado (+15)"
customer_obsession,NORMAL,"Como você reduziu chargebacks/disputas mantendo satisfação do cliente?","How did you reduce chargebacks/disputes while maintaining customer satisfaction?",sim,bradesco-next-customer-ritual,"Liderei o Ritual de Voz do Cliente que Levou o NPS do Next de 35 para 62",85,"Case do LP correto (customer_obsession); 1 keyword presente; Foco em cliente/experiência alinhado; Conceito alinhado (+10)"
ownership,ALTA,"Nos conte uma situação onde você assumiu responsabilidade além do seu escopo de trabalho e área de conhecimento - como lidou com isso, equilibrando as tarefas atuais/normais com essas outras (novas)?","Tell me about a situation where you took responsibility beyond your work scope and area of knowledge - how did you handle it, balancing current/normal tasks with these new ones?",sim,hsbc-migration-leadership,"Liderança da Migração de US$ 5.2B de Ativos e Contas",55,"Case do LP correto (ownership); Conceito alinhado (+15)"
ownership,NORMAL,"Me dê um exemplo de quando você foi além da sua função","Give me an example of when you went beyond your role",sim,hsbc-migration-leadership,"Liderança da Migração de US$ 5.2B de Ativos e Contas",45,"Case do LP correto (ownership); Conceito alinhado (+5)"
ownership,NORMAL,"Conte sobre uma decisão de longo prazo que você tomou","Tell me about a long-term decision you made",não,,"",40,"Nenhum case adequado. Melhor disponível: ""Reconciliei US$47M de Pagamentos na Reta Final do Cutover"" (score 40/100). Case do LP correto (ownership)"
ownership,NORMAL,"Como você age quando algo não é sua responsabilidade?","How do you act when something isn't your responsibility?",sim,hsbc-migration-leadership,"Liderança da Migração de US$ 5.2B de Ativos e Contas",45,"Case do LP correto (ownership); Conceito alinhado (+5)"
ownership,NORMAL,"Me fale sobre um trade-off difícil que você fez pensando no longo prazo","Tell me about a difficult trade-off you made thinking long-term",não,,"",40,"Nenhum case adequado. Melhor disponível: ""Reconciliei US$47M de Pagamentos na Reta Final do Cutover"" (score 40/100). Case do LP correto (ownership)"
ownership,NORMAL,"Descreva uma situação onde você tomou uma decisão importante de negócio sem consultar seu gestor","Describe a situation where you made an important business decision without consulting your manager",não,,"",40,"Nenhum case adequado. Melhor disponível: ""Reconciliei US$47M de Pagamentos na Reta Final do Cutover"" (score 40/100). Case do LP correto (ownership)"
ownership,NORMAL,"Me fale sobre quando você identificou uma ineficiência e tomou ownership para melhorar","Tell me about when you identified an inefficiency and took ownership to improve it",sim,payment-incidents-prevention-mechanism,"Transformei Incidentes Reincidentes em Mecanismo de Confiabilidade",50,"Case do LP correto (ownership); 1 keyword presente"
ownership,NORMAL,"Como você lida com situações onde precisa assumir responsabilidade por erros?","How do you handle situations where you need to take responsibility for mistakes?",sim,hsbc-migration-leadership,"Liderança da Migração de US$ 5.2B de Ativos e Contas",45,"Case do LP correto (ownership); Conceito alinhado (+5)"
ownership,NORMAL,"Descreva um projeto que você liderou do início ao fim - como garantiu o sucesso?","Describe a project you led from start to finish - how did you ensure success?",sim,hsbc-migration-leadership,"Liderança da Migração de US$ 5.2B de Ativos e Contas",80,"Case do LP correto (ownership); Projeto de grande escala"
ownership,NORMAL,"Descreva quando você criou um mecanismo para prevenir problemas recorrentes em pagamentos","Describe when you created a mechanism to prevent recurring problems in payments",sim,hsbc-payment-reconciliation,"Reconciliei US$47M de Pagamentos na Reta Final do Cutover",75,"Case do LP correto (ownership); 1 keyword presente; Contexto de pagamentos/fraude alinhado"
invent_simplify,ALTA,"Conte sobre uma inovação que você implementou que simplificou um processo (que era complexo)?","Tell me about an innovation you implemented that simplified a (complex) process?",sim,payment-simplification-high-impact,"Inventei motor de simplificacao de liquidez que reduziu D+3 para D+0 em marketplaces",75,"Case do LP correto (invent_simplify); Contexto de inovação/simplificação alinhado; Conceito alinhado (+10)"
invent_simplify,NORMAL,"Me fale sobre uma solução criativa que você desenvolveu","Tell me about a creative solution you developed",sim,unimed-open-innovation,"Inventei plataforma aberta com LP SaaS que reduziu ciclo de inovacao em 68%",65,"Case do LP correto (invent_simplify); Contexto de inovação/simplificação alinhado"
invent_simplify,NORMAL,"Como você simplifica processos complexos?","How do you simplify complex processes?",sim,unimed-open-innovation,"Inventei plataforma aberta com LP SaaS que reduziu ciclo de inovacao em 68%",65,"Case do LP correto (invent_simplify); Contexto de inovação/simplificação alinhado"
invent_simplify,NORMAL,"Descreva uma situação onde você desafiou o status quo","Describe a situation where you challenged the status quo",não,,"",40,"Nenhum case adequado. Melhor disponível: ""Inventei plataforma aberta com LP SaaS que reduziu ciclo de inovacao em 68%"" (score 40/100). Case do LP correto (invent_simplify)"
invent_simplify,NORMAL,"Me fale sobre uma vez que você criou um processo mais simples que teve grande impacto","Tell me about a time you created a simpler process that had great impact",não,,"",40,"Nenhum case adequado. Melhor disponível: ""Inventei plataforma aberta com LP SaaS que reduziu ciclo de inovacao em 68%"" (score 40/100). Case do LP correto (invent_simplify)"
invent_simplify,NORMAL,"Conte sobre quando você teve um plano mas encontrou obstáculos - como você pivotou?","Tell me about when you had a plan but encountered obstacles - how did you pivot?",não,,"",40,"Nenhum case adequado. Melhor disponível: ""Inventei plataforma aberta com LP SaaS que reduziu ciclo de inovacao em 68%"" (score 40/100). Case do LP correto (invent_simplify)"
invent_simplify,NORMAL,"Descreva uma situação onde você equilibrou inovação com risco","Describe a situation where you balanced innovation with risk",sim,payment-simplification-high-impact,"Inventei motor de simplificacao de liquidez que reduziu D+3 para D+0 em marketplaces",75,"Case do LP correto (invent_simplify); Contexto de inovação/simplificação alinhado; Conceito alinhado (+10)"
invent_simplify,NORMAL,"Como você decidiu entre construir uma solução própria vs. adaptar algo existente?","How did you decide between building your own solution vs. adapting something existing?",sim,unimed-ai-authorization,"IA de autorizacao medica inventada com foco em beneficiario destravou 82% de automacao",50,"Case do LP correto (invent_simplify); 1 keyword presente"
invent_simplify,NORMAL,"Me dê um exemplo de quando você usou tecnologia/ferramenta de forma não-convencional para resolver um problema","Give me an example of when you used technology/tool in an unconventional way to solve a problem",sim,unimed-ai-authorization,"IA de autorizacao medica inventada com foco em beneficiario destravou 82% de automacao",50,"Case do LP correto (invent_simplify); 1 keyword presente"
invent_simplify,NORMAL,"Conte sobre um processo de payment operations que você automatizou ou otimizou","Tell me about a payment operations process you automated or optimized",sim,unimed-open-innovation,"Inventei plataforma aberta com LP SaaS que reduziu ciclo de inovacao em 68%",60,"Case do LP correto (invent_simplify); Foco em redução de custos/otimização"
are_right_a_lot,ALTA,"Conte sobre uma situação onde você tomou uma decisão difícil com input de diferentes stakeholders","Tell me about a situation where you made a difficult decision with input from different stakeholders",sim,sicredi-mobile-first-strategy,"Decisão Difícil com Múltiplos Stakeholders: Equilibrei Inputs Conflitantes e Redesenhei Roadmap Mobile com Aprovação Unânime",90,"Case do LP correto (are_right_a_lot); 2 keywords presentes; Contexto de impacto amplo/responsabilidade social alinhado; Conceito alinhado (+5)"
are_right_a_lot,NORMAL,"Me fale sobre quando você mudou de opinião baseado em novos dados","Tell me about when you changed your mind based on new data",sim,sicredi-api-pricing-model,"Provei com ciencia de dados que a nova precificacao API nao se pagava e redesenhei o modelo em 30 dias",80,"Case do LP correto (are_right_a_lot); 1 keyword presente; Contexto de análise de dados alinhado; Conceito alinhado (+5)"
are_right_a_lot,NORMAL,"Como você toma decisões com informação incompleta?","How do you make decisions with incomplete information?",não,,"",40,"Nenhum case adequado. Melhor disponível: ""Decisão Difícil com Múltiplos Stakeholders: Equilibrei Inputs Conflitantes e Redesenhei Roadmap Mobile com Aprovação Unânime"" (score 40/100). Case do LP correto (are_right_a_lot)"
are_right_a_lot,NORMAL,"Descreva uma situação onde seu julgamento foi crucial","Describe a situation where your judgment was crucial",sim,sicredi-api-pricing-model,"Provei com ciencia de dados que a nova precificacao API nao se pagava e redesenhei o modelo em 30 dias",50,"Case do LP correto (are_right_a_lot); 1 keyword presente"
are_right_a_lot,NORMAL,"Me dê um exemplo de quando você desafiou uma decisão que achava errada","Give me an example of when you challenged a decision you thought was wrong",sim,sicredi-mobile-first-strategy,"Decisão Difícil com Múltiplos Stakeholders: Equilibrei Inputs Conflitantes e Redesenhei Roadmap Mobile com Aprovação Unânime",50,"Case do LP correto (are_right_a_lot); 1 keyword presente"
are_right_a_lot,NORMAL,"Conte sobre uma vez que você teve uma opinião impopular mas correta","Tell me about a time you had an unpopular but correct opinion",não,,"",40,"Nenhum case adequado. Melhor disponível: ""Decisão Difícil com Múltiplos Stakeholders: Equilibrei Inputs Conflitantes e Redesenhei Roadmap Mobile com Aprovação Unânime"" (score 40/100). Case do LP correto (are_right_a_lot)"
are_right_a_lot,NORMAL,"Me fale sobre quando você estava errado - como você lidou com isso?","Tell me about when you were wrong - how did you handle it?",não,,"",40,"Nenhum case adequado. Melhor disponível: ""Decisão Difícil com Múltiplos Stakeholders: Equilibrei Inputs Conflitantes e Redesenhei Roadmap Mobile com Aprovação Unânime"" (score 40/100). Case do LP correto (are_right_a_lot)"
are_right_a_lot,NORMAL,"Descreva uma vez que você buscou perspectivas diversas para desafiar suas próprias crenças","Describe a time you sought diverse perspectives to challenge your own beliefs",sim,sicredi-api-pricing-model,"Provei com ciencia de dados que a nova precificacao API nao se pagava e redesenhei o modelo em 30 dias",50,"Case do LP correto (are_right_a_lot); 1 keyword presente"
are_right_a_lot,NORMAL,"Como você garante que está fazendo as perguntas certas antes de tomar decisões?","How do you ensure you're asking the right questions before making decisions?",não,,"",40,"Nenhum case adequado. Melhor disponível: ""Decisão Difícil com Múltiplos Stakeholders: Equilibrei Inputs Conflitantes e Redesenhei Roadmap Mobile com Aprovação Unânime"" (score 40/100). Case do LP correto (are_right_a_lot)"
are_right_a_lot,NORMAL,"Conte sobre quando você teve que tomar uma decisão rápida sob pressão - você estava certo?","Tell me about when you had to make a quick decision under pressure - were you right?",sim,sicredi-mobile-first-strategy,"Decisão Difícil com Múltiplos Stakeholders: Equilibrei Inputs Conflitantes e Redesenhei Roadmap Mobile com Aprovação Unânime",50,"Case do LP correto (are_right_a_lot); 1 keyword presente"
are_right_a_lot,NORMAL,"Me dê exemplo de quando você usou dados de pagamento para impactar decisões comerciais","Give me an example of when you used payment data to impact business decisions",sim,sicredi-api-pricing-model,"Provei com ciencia de dados que a nova precificacao API nao se pagava e redesenhei o modelo em 30 dias",90,"Case do LP correto (are_right_a_lot); 2 keywords presentes; Contexto de análise de dados alinhado; Conceito alinhado (+5)"
learn_and_be_curious,ALTA,"Como você se mantém atualizado na sua área de expertise e como explora novas áreas de conhecimento?","How do you stay updated in your area of expertise and how do you explore new areas of knowledge?",sim,stay-updated-payments-fintech,"Como Me Mantive Constantemente Atualizado em Payments/Fintech e Explorei Novas Áreas Criando Sistema Estruturado de Aprendizado com PoCs",55,"Case do LP correto (learn_and_be_curious); Conceito alinhado (+5); Título muito alinhado com pergunta"
learn_and_be_curious,NORMAL,"Me fale sobre a última coisa nova que você aprendeu","Tell me about the last new thing you learned",não,,"",40,"Nenhum case adequado. Melhor disponível: ""Aplicação de Conceitos de Harvard para Lançar Novos Produtos Digitais em Saúde"" (score 40/100). Case do LP correto (learn_and_be_curious)"
learn_and_be_curious,NORMAL,"Conte sobre uma vez que você saiu da sua zona de conforto","Tell me about a time you stepped out of your comfort zone",sim,unimed-harvard-healthcare-innovation,"Aplicação de Conceitos de Harvard para Lançar Novos Produtos Digitais em Saúde",50,"Case do LP correto (learn_and_be_curious); 1 keyword presente"
learn_and_be_curious,NORMAL,"Descreva uma situação onde você teve que aprender algo rapidamente","Describe a situation where you had to learn something quickly",sim,stay-updated-payments-fintech,"Como Me Mantive Constantemente Atualizado em Payments/Fintech e Explorei Novas Áreas Criando Sistema Estruturado de Aprendizado com PoCs",45,"Case do LP correto (learn_and_be_curious); Conceito alinhado (+5)"
learn_and_be_curious,NORMAL,"Me dê um exemplo de quando sua curiosidade levou a uma melhoria","Give me an example of when your curiosity led to an improvement",sim,olibano-blockchain-exploration,"Prototipagem de Solução de Pagamentos com Blockchain Após Especialização",50,"Case do LP correto (learn_and_be_curious); 1 keyword presente"
learn_and_be_curious,NORMAL,"Conte sobre uma missão ou objetivo que você não achava que era alcançável - como você abordou?","Tell me about a mission or goal you didn't think was achievable - how did you approach it?",não,,"",40,"Nenhum case adequado. Melhor disponível: ""Aplicação de Conceitos de Harvard para Lançar Novos Produtos Digitais em Saúde"" (score 40/100). Case do LP correto (learn_and_be_curious)"
learn_and_be_curious,NORMAL,"Me fale sobre algo que você aprendeu que te tornou melhor no seu trabalho","Tell me about something you learned that made you better at your job",não,,"",40,"Nenhum case adequado. Melhor disponível: ""Aplicação de Conceitos de Harvard para Lançar Novos Produtos Digitais em Saúde"" (score 40/100). Case do LP correto (learn_and_be_curious)"
learn_and_be_curious,NORMAL,"Descreva uma área onde você identificou uma lacuna de conhecimento e como você a preencheu","Describe an area where you identified a knowledge gap and how you filled it",sim,stay-updated-payments-fintech,"Como Me Mantive Constantemente Atualizado em Payments/Fintech e Explorei Novas Áreas Criando Sistema Estruturado de Aprendizado com PoCs",45,"Case do LP correto (learn_and_be_curious); Conceito alinhado (+5)"
learn_and_be_curious,NORMAL,"Como você explora novas possibilidades mesmo quando está ocupado com o dia a dia?","How do you explore new possibilities even when busy with day-to-day?",sim,olibano-blockchain-exploration,"Prototipagem de Solução de Pagamentos com Blockchain Após Especialização",50,"Case do LP correto (learn_and_be_curious); 1 keyword presente"
learn_and_be_curious,NORMAL,"Conte sobre quando você aplicou aprendizados de uma área completamente diferente ao seu trabalho","Tell me about when you applied learnings from a completely different area to your work",não,,"",40,"Nenhum case adequado. Melhor disponível: ""Aplicação de Conceitos de Harvard para Lançar Novos Produtos Digitais em Saúde"" (score 40/100). Case do LP correto (learn_and_be_curious)"
hire_and_develop_the_best,ALTA,"Como você abordou o desenvolvimento de um membro da equipe que estava com baixo desempenho?","How did you approach developing a team member who was underperforming?",sim,unimed-underperformer-development,"Desenvolvimento de um Analista de Baixo Desempenho Através de Realocação e Ownership",60,"Case do LP correto (hire_and_develop_the_best); 1 keyword presente; Título muito alinhado com pergunta"
hire_and_develop_the_best,NORMAL,"Me fale sobre como você desenvolve pessoas","Tell me about how you develop people",não,,"",40,"Nenhum case adequado. Melhor disponível: ""Mentoria de 30+ Gerentes de Projeto e Criação de uma Comunidade de Prática"" (score 40/100). Case do LP correto (hire_and_develop_the_best)"
hire_and_develop_the_best,NORMAL,"Conte sobre uma contratação excepcional que você fez","Tell me about an exceptional hire you made",não,,"",40,"Nenhum case adequado. Melhor disponível: ""Mentoria de 30+ Gerentes de Projeto e Criação de uma Comunidade de Prática"" (score 40/100). Case do LP correto (hire_and_develop_the_best)"
hire_and_develop_the_best,NORMAL,"Como você identifica talentos?","How do you identify talent?",sim,bradesco-talent-pipeline-creation,"Criação de Pipeline de Talentos Ágeis e Elevação dos Padrões de Contratação no InovaBra",50,"Case do LP correto (hire_and_develop_the_best); Título muito alinhado com pergunta"
hire_and_develop_the_best,NORMAL,"Descreva uma situação onde você ajudou alguém a crescer","Describe a situation where you helped someone grow",não,,"",40,"Nenhum case adequado. Melhor disponível: ""Mentoria de 30+ Gerentes de Projeto e Criação de uma Comunidade de Prática"" (score 40/100). Case do LP correto (hire_and_develop_the_best)"
hire_and_develop_the_best,NORMAL,"Me dê um exemplo de quando você teve que dar feedback difícil","Give me an example of when you had to give difficult feedback",não,,"",40,"Nenhum case adequado. Melhor disponível: ""Mentoria de 30+ Gerentes de Projeto e Criação de uma Comunidade de Prática"" (score 40/100). Case do LP correto (hire_and_develop_the_best)"
hire_and_develop_the_best,NORMAL,"Conte sobre quando você recebeu feedback negativo - como você respondeu?","Tell me about when you received negative feedback - how did you respond?",não,,"",40,"Nenhum case adequado. Melhor disponível: ""Mentoria de 30+ Gerentes de Projeto e Criação de uma Comunidade de Prática"" (score 40/100). Case do LP correto (hire_and_develop_the_best)"
hire_and_develop_the_best,NORMAL,"Descreva uma vez que você melhorou moral e produtividade da sua equipe","Describe a time you improved your team's morale and productivity",não,,"",40,"Nenhum case adequado. Melhor disponível: ""Mentoria de 30+ Gerentes de Projeto e Criação de uma Comunidade de Prática"" (score 40/100). Case do LP correto (hire_and_develop_the_best)"
hire_and_develop_the_best,NORMAL,"Me fale sobre alguém que você mentorou - qual foi o impacto?","Tell me about someone you mentored - what was the impact?",não,,"",40,"Nenhum case adequado. Melhor disponível: ""Mentoria de 30+ Gerentes de Projeto e Criação de uma Comunidade de Prática"" (score 40/100). Case do LP correto (hire_and_develop_the_best)"
hire_and_develop_the_best,NORMAL,"Como você reconhece talento excepcional e os move pela organização?","How do you recognize exceptional talent and move them through the organization?",não,,"",40,"Nenhum case adequado. Melhor disponível: ""Mentoria de 30+ Gerentes de Projeto e Criação de uma Comunidade de Prática"" (score 40/100). Case do LP correto (hire_and_develop_the_best)"
hire_and_develop_the_best,NORMAL,"Conte sobre quando você teve que tomar uma decisão difícil sobre performance de alguém","Tell me about when you had to make a difficult decision about someone's performance",não,,"",40,"Nenhum case adequado. Melhor disponível: ""Mentoria de 30+ Gerentes de Projeto e Criação de uma Comunidade de Prática"" (score 40/100). Case do LP correto (hire_and_develop_the_best)"
insist_on_highest_standards,ALTA,"Como você garante que a equipe mantenha padrões elevados mesmo com prazo apertado?","How do you ensure the team maintains high standards even with tight deadlines?",sim,sefaz-pmo-governance,"Elevei o Padrao do PMO da SEFAZ com Foco em Valor ao Cidadao",60,"Case do LP correto (insist_on_highest_standards); Contexto de liderança/equipe alinhado"
insist_on_highest_standards,NORMAL,"Conte sobre uma vez que você elevou a barra de qualidade","Tell me about a time you raised the quality bar",não,,"",40,"Nenhum case adequado. Melhor disponível: ""Estabelecimento de Padrão 'Zero Data Loss' em Migração de US$ 5.2B"" (score 40/100). Case do LP correto (insist_on_highest_standards)"
insist_on_highest_standards,NORMAL,"Me fale sobre quando você não aceitou um trabalho medíocre","Tell me about when you didn't accept mediocre work",não,,"",40,"Nenhum case adequado. Melhor disponível: ""Estabelecimento de Padrão 'Zero Data Loss' em Migração de US$ 5.2B"" (score 40/100). Case do LP correto (insist_on_highest_standards)"
insist_on_highest_standards,NORMAL,"Como você define padrões para sua equipe?","How do you set standards for your team?",sim,sefaz-pmo-governance,"Elevei o Padrao do PMO da SEFAZ com Foco em Valor ao Cidadao",60,"Case do LP correto (insist_on_highest_standards); Contexto de liderança/equipe alinhado"
insist_on_highest_standards,NORMAL,"Descreva uma situação onde você teve que refazer algo para atingir excelência","Describe a situation where you had to redo something to achieve excellence",não,,"",40,"Nenhum case adequado. Melhor disponível: ""Estabelecimento de Padrão 'Zero Data Loss' em Migração de US$ 5.2B"" (score 40/100). Case do LP correto (insist_on_highest_standards)"
insist_on_highest_standards,NORMAL,"Me dê um exemplo de quando você implementou um processo de qualidade","Give me an example of when you implemented a quality process",não,,"",40,"Nenhum case adequado. Melhor disponível: ""Estabelecimento de Padrão 'Zero Data Loss' em Migração de US$ 5.2B"" (score 40/100). Case do LP correto (insist_on_highest_standards)"
insist_on_highest_standards,NORMAL,"Conte sobre quando você não apenas atingiu uma meta, mas excedeu consideravelmente - como?","Tell me about when you didn't just meet a goal, but exceeded it considerably - how?",sim,sicredi-payment-sla,"Redesenhei o Gateway SICREDI para 99.99% de Disponibilidade",45,"Case do LP correto (insist_on_highest_standards); Conceito alinhado (+5)"
insist_on_highest_standards,NORMAL,"Descreva um projeto que você gostaria de ter feito melhor - o que faria diferente hoje?","Describe a project you wish you had done better - what would you do differently today?",sim,hsbc-zero-defects,"Estabelecimento de Padrão 'Zero Data Loss' em Migração de US$ 5.2B",60,"Case do LP correto (insist_on_highest_standards); Projeto de grande escala"
insist_on_highest_standards,NORMAL,"Me fale sobre uma vez que você teve que escolher entre velocidade e qualidade","Tell me about a time you had to choose between speed and quality",não,,"",40,"Nenhum case adequado. Melhor disponível: ""Estabelecimento de Padrão 'Zero Data Loss' em Migração de US$ 5.2B"" (score 40/100). Case do LP correto (insist_on_highest_standards)"
insist_on_highest_standards,NORMAL,"Como você garante que defeitos não passam para frente e problemas ficam resolvidos?","How do you ensure defects don't pass forward and problems stay solved?",não,,"",40,"Nenhum case adequado. Melhor disponível: ""Estabelecimento de Padrão 'Zero Data Loss' em Migração de US$ 5.2B"" (score 40/100). Case do LP correto (insist_on_highest_standards)"
insist_on_highest_standards,NORMAL,"Conte sobre quando você estabeleceu um novo padrão que outros achavam impossível de atingir","Tell me about when you established a new standard others thought was impossible to achieve",não,,"",40,"Nenhum case adequado. Melhor disponível: ""Estabelecimento de Padrão 'Zero Data Loss' em Migração de US$ 5.2B"" (score 40/100). Case do LP correto (insist_on_highest_standards)"
think_big,ALTA,"Conte sobre um momento onde você propôs uma ideia ousada mas que trouxe grandes resultados","Tell me about a time you proposed a bold idea that brought great results",sim,unimed-ecosystem-transformation,"Liderança da Iniciativa para Transformar a Unimed de uma Seguradora para um Ecossistema de Saúde Digital",50,"Case do LP correto (think_big); 1 keyword presente"
think_big,NORMAL,"Conte sobre uma visão ambiciosa que você teve","Tell me about an ambitious vision you had",não,,"",40,"Nenhum case adequado. Melhor disponível: ""Transformação do Modelo de Rollout no Brasil que foi Adotado Globalmente pela Huawei"" (score 40/100). Case do LP correto (think_big)"
think_big,NORMAL,"Me fale sobre um projeto que mudou o jogo","Tell me about a game-changing project",não,,"",40,"Nenhum case adequado. Melhor disponível: ""Transformação do Modelo de Rollout no Brasil que foi Adotado Globalmente pela Huawei"" (score 40/100). Case do LP correto (think_big)"
think_big,NORMAL,"Como você inspira outros com ideias grandes?","How do you inspire others with big ideas?",sim,unimed-ecosystem-transformation,"Liderança da Iniciativa para Transformar a Unimed de uma Seguradora para um Ecossistema de Saúde Digital",50,"Case do LP correto (think_big); 1 keyword presente"
think_big,NORMAL,"Descreva uma situação onde você pensou além do óbvio","Describe a situation where you thought beyond the obvious",sim,unimed-ecosystem-transformation,"Liderança da Iniciativa para Transformar a Unimed de uma Seguradora para um Ecossistema de Saúde Digital",45,"Case do LP correto (think_big); Conceito alinhado (+5)"
think_big,NORMAL,"Me dê um exemplo de quando você propôs algo que parecia impossível","Give me an example of when you proposed something that seemed impossible",sim,unimed-ecosystem-transformation,"Liderança da Iniciativa para Transformar a Unimed de uma Seguradora para um Ecossistema de Saúde Digital",50,"Case do LP correto (think_big); 1 keyword presente"
think_big,NORMAL,"Conte sobre sua maior conquista profissional - por que ela foi significativa?","Tell me about your biggest professional achievement - why was it significant?",não,,"",40,"Nenhum case adequado. Melhor disponível: ""Transformação do Modelo de Rollout no Brasil que foi Adotado Globalmente pela Huawei"" (score 40/100). Case do LP correto (think_big)"
think_big,NORMAL,"Descreva uma vez que você propôs uma solução não-intuitiva para um problema","Describe a time you proposed a non-intuitive solution to a problem",não,,"",40,"Nenhum case adequado. Melhor disponível: ""Transformação do Modelo de Rollout no Brasil que foi Adotado Globalmente pela Huawei"" (score 40/100). Case do LP correto (think_big)"
think_big,NORMAL,"Me fale sobre quando você teve que vender uma ideia ousada para liderança sênior","Tell me about when you had to sell a bold idea to senior leadership",sim,unimed-ecosystem-transformation,"Liderança da Iniciativa para Transformar a Unimed de uma Seguradora para um Ecossistema de Saúde Digital",70,"Case do LP correto (think_big); 1 keyword presente; Contexto de liderança/equipe alinhado"
think_big,NORMAL,"Como você cria e comunica uma direção ousada que inspira resultados?","How do you create and communicate a bold direction that inspires results?",sim,unimed-ecosystem-transformation,"Liderança da Iniciativa para Transformar a Unimed de uma Seguradora para um Ecossistema de Saúde Digital",50,"Case do LP correto (think_big); 1 keyword presente"
think_big,NORMAL,"Conte sobre quando você pensou grande mas teve que adaptar a escala - como você fez?","Tell me about when you thought big but had to adapt the scale - how did you do it?",não,,"",40,"Nenhum case adequado. Melhor disponível: ""Transformação do Modelo de Rollout no Brasil que foi Adotado Globalmente pela Huawei"" (score 40/100). Case do LP correto (think_big)"
think_big,NORMAL,"Descreva uma vez que você identificou oportunidade de receita em operações de pagamento","Describe a time you identified revenue opportunity in payment operations",sim,bradesco-paas-latam,"Proposta e Desenho de uma Plataforma de Pagamentos como Serviço (PaaS) para a América Latina",75,"Case do LP correto (think_big); 1 keyword presente; Contexto de pagamentos/fraude alinhado"
bias_for_action,ALTA,"Nos dê um exemplo de risco calculado que você tomou quando o tempo era crítico, e como você mitigou esse risco?","Give us an example of a calculated risk you took when time was critical, and how you mitigated that risk?",sim,calculated-risk-time-critical,"Risco Calculado em Tempo Crítico: Restaurei Telemedicina em 72h com Mitigação por Zonas e Rollback Seletivo",75,"Case do LP correto (bias_for_action); 1 keyword presente; Contexto de decisão sob risco/incerteza; Título muito alinhado com pergunta"
bias_for_action,NORMAL,"Me fale sobre uma decisão que você tomou com informação limitada","Tell me about a decision you made with limited information",sim,calculated-risk-time-critical,"Risco Calculado em Tempo Crítico: Restaurei Telemedicina em 72h com Mitigação por Zonas e Rollback Seletivo",55,"Case do LP correto (bias_for_action); Contexto de decisão sob risco/incerteza"
bias_for_action,NORMAL,"Conte sobre uma vez que você agiu rapidamente","Tell me about a time you acted quickly",sim,bradesco-next-rapid-launch,"Decisao Rapida para Lancar o Banco Digital Next em 11 Meses",50,"Case do LP correto (bias_for_action); 1 keyword presente"
bias_for_action,NORMAL,"Como você decide quando é hora de agir vs. analisar mais?","How do you decide when it's time to act vs. analyze more?",não,,"",40,"Nenhum case adequado. Melhor disponível: ""Decisao Rapida para Lancar o Banco Digital Next em 11 Meses"" (score 40/100). Case do LP correto (bias_for_action)"
bias_for_action,NORMAL,"Descreva uma situação onde velocidade era crítica","Describe a situation where speed was critical",não,,"",40,"Nenhum case adequado. Melhor disponível: ""Decisao Rapida para Lancar o Banco Digital Next em 11 Meses"" (score 40/100). Case do LP correto (bias_for_action)"
bias_for_action,NORMAL,"Me fale sobre quando você foi o primeiro a agir em algo","Tell me about when you were the first to act on something",não,,"",40,"Nenhum case adequado. Melhor disponível: ""Decisao Rapida para Lancar o Banco Digital Next em 11 Meses"" (score 40/100). Case do LP correto (bias_for_action)"
bias_for_action,NORMAL,"Descreva uma vez que você teve que tomar decisão reversível rapidamente vs. irreversível com mais análise","Describe a time you had to make a reversible decision quickly vs. irreversible with more analysis",sim,bradesco-next-rapid-launch,"Decisao Rapida para Lancar o Banco Digital Next em 11 Meses",50,"Case do LP correto (bias_for_action); 1 keyword presente"
bias_for_action,NORMAL,"Como você equilibra necessidade de dados com necessidade de agir?","How do you balance need for data with need to act?",não,,"",40,"Nenhum case adequado. Melhor disponível: ""Decisao Rapida para Lancar o Banco Digital Next em 11 Meses"" (score 40/100). Case do LP correto (bias_for_action)"
bias_for_action,NORMAL,"Conte sobre quando você teve que mudar curso/direção de um projeto quando estava 70% completo","Tell me about when you had to change course/direction of a project when it was 70% complete",não,,"",40,"Nenhum case adequado. Melhor disponível: ""Decisao Rapida para Lancar o Banco Digital Next em 11 Meses"" (score 40/100). Case do LP correto (bias_for_action)"
bias_for_action,NORMAL,"Descreva uma situação onde você teve que tomar decisão rápida sobre transação suspeita","Describe a situation where you had to make quick decision about suspicious transaction",não,,"",40,"Nenhum case adequado. Melhor disponível: ""Decisao Rapida para Lancar o Banco Digital Next em 11 Meses"" (score 40/100). Case do LP correto (bias_for_action)"
frugality,ALTA,"Conte sobre uma vez que você fez mais com menos","Tell me about a time you did more with less",sim,huawei-resource-optimization,"Otimização de Recursos em um Portfólio de 50+ Projetos para Acelerar o Rollout do 4G",60,"Case do LP correto (frugality); Foco em redução de custos/otimização"
frugality,NORMAL,"Me fale sobre quando você otimizou custos","Tell me about when you optimized costs",sim,huawei-resource-optimization,"Otimização de Recursos em um Portfólio de 50+ Projetos para Acelerar o Rollout do 4G",60,"Case do LP correto (frugality); Foco em redução de custos/otimização"
frugality,NORMAL,"Como você prioriza recursos limitados?","How do you prioritize limited resources?",não,,"",40,"Nenhum case adequado. Melhor disponível: ""Geração de U$1.4M em Ganhos de Eficiência no Setor Público sem Aumento de Orçamento"" (score 40/100). Case do LP correto (frugality)"
frugality,NORMAL,"Descreva uma situação onde você foi criativo com restrições","Describe a situation where you were creative with constraints",sim,sefaz-zero-budget-pmo,"Geração de U$1.4M em Ganhos de Eficiência no Setor Público sem Aumento de Orçamento",50,"Case do LP correto (frugality); 1 keyword presente"
frugality,NORMAL,"Me dê um exemplo de quando você eliminou desperdícios","Give me an example of when you eliminated waste",não,,"",40,"Nenhum case adequado. Melhor disponível: ""Geração de U$1.4M em Ganhos de Eficiência no Setor Público sem Aumento de Orçamento"" (score 40/100). Case do LP correto (frugality)"
frugality,NORMAL,"Conte sobre uma ideia nova que você teve para economizar dinheiro da empresa","Tell me about a new idea you had to save company money",sim,huawei-resource-optimization,"Otimização de Recursos em um Portfólio de 50+ Projetos para Acelerar o Rollout do 4G",60,"Case do LP correto (frugality); Foco em redução de custos/otimização"
frugality,NORMAL,"Me fale sobre quando você entregou um projeto com orçamento ou recursos limitados","Tell me about when you delivered a project with limited budget or resources",não,,"",40,"Nenhum case adequado. Melhor disponível: ""Geração de U$1.4M em Ganhos de Eficiência no Setor Público sem Aumento de Orçamento"" (score 40/100). Case do LP correto (frugality)"
frugality,NORMAL,"Descreva uma situação onde você recusou mais recursos para completar um projeto - por quê?","Describe a situation where you refused more resources to complete a project - why?",não,,"",40,"Nenhum case adequado. Melhor disponível: ""Geração de U$1.4M em Ganhos de Eficiência no Setor Público sem Aumento de Orçamento"" (score 40/100). Case do LP correto (frugality)"
frugality,NORMAL,"Como você gerenciaria projetos sem orçamento e sem recursos?","How would you manage projects with no budget and no resources?",sim,sefaz-zero-budget-pmo,"Geração de U$1.4M em Ganhos de Eficiência no Setor Público sem Aumento de Orçamento",50,"Case do LP correto (frugality); 1 keyword presente"
frugality,NORMAL,"Conte sobre quando você teve que gerenciar orçamento - como você extraiu mais valor com menos?","Tell me about when you had to manage budget - how did you extract more value with less?",sim,huawei-resource-optimization,"Otimização de Recursos em um Portfólio de 50+ Projetos para Acelerar o Rollout do 4G",60,"Case do LP correto (frugality); Foco em redução de custos/otimização"
frugality,NORMAL,"Como você equilibra custo operacional com expansão de métodos de pagamento?","How do you balance operational cost with payment method expansion?",sim,huawei-resource-optimization,"Otimização de Recursos em um Portfólio de 50+ Projetos para Acelerar o Rollout do 4G",60,"Case do LP correto (frugality); Foco em redução de custos/otimização"
earn_trust,ALTA,"Qual foi o feedback mais difícil que você já recebeu? E como lidou com isso? / Me conte sobre um feedback negativo que você recebeu","What was the most difficult feedback you ever received? And how did you deal with it? / Tell me about negative feedback you received",sim,hard-feedback-leadership-style,"Transformei feedback duro em pacto de transparencia com time de risco",75,"Case do LP correto (earn_trust); 1 keyword presente; Contexto de conflito/feedback alinhado; Conceito alinhado (+5)"
earn_trust,NORMAL,"Conte sobre uma vez que você admitiu um erro","Tell me about a time you admitted a mistake",sim,hard-feedback-leadership-style,"Transformei feedback duro em pacto de transparencia com time de risco",65,"Case do LP correto (earn_trust); Contexto de conflito/feedback alinhado; Conceito alinhado (+5)"
earn_trust,NORMAL,"Me fale sobre quando você teve que reconstruir confiança","Tell me about when you had to rebuild trust",sim,sicredi-post-mortem-transparency,"Reconstruir confianca apos bug Pix com ritual de transparencias diarias",50,"Case do LP correto (earn_trust); 1 keyword presente"
earn_trust,NORMAL,"Como você lida com conflitos em equipe?","How do you handle team conflicts?",sim,hard-feedback-leadership-style,"Transformei feedback duro em pacto de transparencia com time de risco",60,"Case do LP correto (earn_trust); Contexto de conflito/feedback alinhado"
earn_trust,NORMAL,"Descreva uma situação onde você foi transparente mesmo sendo desconfortável","Describe a situation where you were transparent even when uncomfortable",não,,"",40,"Nenhum case adequado. Melhor disponível: ""Reconstruir confianca apos bug Pix com ritual de transparencias diarias"" (score 40/100). Case do LP correto (earn_trust)"
earn_trust,NORMAL,"Conte sobre um desacordo com um colega/gestor - como você resolveu?","Tell me about a disagreement with a colleague/manager - how did you resolve it?",sim,hard-feedback-leadership-style,"Transformei feedback duro em pacto de transparencia com time de risco",60,"Case do LP correto (earn_trust); Contexto de conflito/feedback alinhado"
earn_trust,NORMAL,"Me fale sobre quando você teve que falar uma verdade dura para alguém","Tell me about when you had to tell someone a hard truth",não,,"",40,"Nenhum case adequado. Melhor disponível: ""Reconstruir confianca apos bug Pix com ritual de transparencias diarias"" (score 40/100). Case do LP correto (earn_trust)"
earn_trust,NORMAL,"Descreva uma vez que você teve que influenciar um peer que tinha opinião diferente sobre um objetivo compartilhado","Describe a time you had to influence a peer who had different opinion about shared goal",sim,sicredi-post-mortem-transparency,"Reconstruir confianca apos bug Pix com ritual de transparencias diarias",50,"Case do LP correto (earn_trust); 1 keyword presente"
earn_trust,NORMAL,"Como você constrói confiança com stakeholders que você não conhece?","How do you build trust with stakeholders you don't know?",sim,sicredi-post-mortem-transparency,"Reconstruir confianca apos bug Pix com ritual de transparencias diarias",50,"Case do LP correto (earn_trust); 1 keyword presente"
earn_trust,NORMAL,"Conte sobre quando você foi vocalmente auto-crítico mesmo sendo constrangedor","Tell me about when you were vocally self-critical even when embarrassing",não,,"",40,"Nenhum case adequado. Melhor disponível: ""Reconstruir confianca apos bug Pix com ritual de transparencias diarias"" (score 40/100). Case do LP correto (earn_trust)"
earn_trust,NORMAL,"Me fale sobre uma parceria complexa que você negociou com processadores de pagamento","Tell me about a complex partnership you negotiated with payment processors",sim,sicredi-post-mortem-transparency,"Reconstruir confianca apos bug Pix com ritual de transparencias diarias",75,"Case do LP correto (earn_trust); 1 keyword presente; Contexto de pagamentos/fraude alinhado"
earn_trust,NORMAL,"Como você gerencia relacionamentos com múltiplos stakeholders (bancos, gateways, reguladores)?","How do you manage relationships with multiple stakeholders (banks, gateways, regulators)?",sim,sicredi-post-mortem-transparency,"Reconstruir confianca apos bug Pix com ritual de transparencias diarias",50,"Case do LP correto (earn_trust); 1 keyword presente"
earn_trust,NORMAL,"Conte sobre quando você teve que influenciar parceiros externos sem autoridade direta","Tell me about when you had to influence external partners without direct authority",sim,sicredi-post-mortem-transparency,"Reconstruir confianca apos bug Pix com ritual de transparencias diarias",50,"Case do LP correto (earn_trust); 1 keyword presente"
dive_deep,ALTA,"Conte uma situação onde você precisou entender a causa raiz para resolver um problema complexo","Tell me about a situation where you needed to understand root cause to solve complex problem",sim,sicredi-churn-analysis,"Analise de Dados para Identificar os Principais Drivers de Churn no App",75,"Case do LP correto (dive_deep); 1 keyword presente; Contexto de análise de dados alinhado"
dive_deep,NORMAL,"Me fale sobre quando você teve que investigar um problema complexo","Tell me about when you had to investigate a complex problem",sim,sicredi-churn-analysis,"Analise de Dados para Identificar os Principais Drivers de Churn no App",65,"Case do LP correto (dive_deep); Contexto de análise de dados alinhado"
dive_deep,NORMAL,"Como você garante qualidade nos detalhes?","How do you ensure quality in details?",não,,"",40,"Nenhum case adequado. Melhor disponível: ""Reducao de 47% no Tempo de Liquidacao de Pagamentos PIX"" (score 40/100). Case do LP correto (dive_deep)"
dive_deep,NORMAL,"Descreva uma situação onde dados superficiais não eram suficientes","Describe a situation where superficial data wasn't enough",sim,hsbc-data-validation-audit,"Auditoria Pessoal em Processos de Validacao de Dados em Multiplos Paises",100,"Case do LP correto (dive_deep); 3 keywords-chave presentes; Contexto de análise de dados alinhado; Conceito alinhado (+10)"
dive_deep,NORMAL,"Conte sobre o problema mais complicado que você teve que lidar - como você investigou?","Tell me about the most complicated problem you had to deal with - how did you investigate?",sim,sicredi-churn-analysis,"Analise de Dados para Identificar os Principais Drivers de Churn no App",50,"Case do LP correto (dive_deep); 1 keyword presente"
dive_deep,NORMAL,"Me dê um exemplo de quando você usou dados em profundidade para desenvolver uma solução","Give me an example of when you used in-depth data to develop a solution",sim,sicredi-churn-analysis,"Analise de Dados para Identificar os Principais Drivers de Churn no App",85,"Case do LP correto (dive_deep); 1 keyword presente; Contexto de análise de dados alinhado; Conceito alinhado (+10)"
dive_deep,NORMAL,"Descreva uma vez que alguém te deu uma explicação mas você não acreditou e investigou - qual foi a verdade?","Describe a time someone gave you an explanation but you didn't believe it and investigated - what was the truth?",não,,"",40,"Nenhum case adequado. Melhor disponível: ""Reducao de 47% no Tempo de Liquidacao de Pagamentos PIX"" (score 40/100). Case do LP correto (dive_deep)"
dive_deep,NORMAL,"Como você usa '5 Whys' ou análise de causa raiz para chegar ao fundo de problemas?","How do you use '5 Whys' or root cause analysis to get to bottom of problems?",sim,sicredi-churn-analysis,"Analise de Dados para Identificar os Principais Drivers de Churn no App",85,"Case do LP correto (dive_deep); 1 keyword presente; Contexto de análise de dados alinhado; Conceito alinhado (+10)"
dive_deep,NORMAL,"Conte sobre quando métricas e anedotas diferiam - como você descobriu a verdade?","Tell me about when metrics and anecdotes differed - how did you discover the truth?",sim,hsbc-data-validation-audit,"Auditoria Pessoal em Processos de Validacao de Dados em Multiplos Paises",50,"Case do LP correto (dive_deep); 1 keyword presente"
dive_deep,NORMAL,"Conte sobre uma vez que você identificou um padrão de fraude ou risco que outros não viram","Tell me about a time you identified a fraud or risk pattern others didn't see",sim,unimed-fraud-investigation,"Investigacao Manual de Anomalias em Reembolsos para Identificar Fraude em Rede",85,"Case do LP correto (dive_deep); 2 keywords presentes; Contexto de pagamentos/fraude alinhado"
disagree_and_commit,ALTA,"Conte sobre uma situação onde você discordou do supervisor/manager, mas ainda assim se comprometeu com a decisão final (e com a entrega)","Tell me about a situation where you disagreed with supervisor/manager, but still committed to final decision (and delivery)",sim,bradesco-mvp-feature-prioritization,"Discordei da priorizacao de MVP, aceitei o voto do comite e ainda entreguei o top recurso pedido",55,"Case do LP correto (disagree_and_commit); 1 keyword presente; Conceito alinhado (+5)"
disagree_and_commit,NORMAL,"Conte sobre uma vez que você discordou fortemente de uma decisão","Tell me about a time you strongly disagreed with a decision",sim,bradesco-mvp-feature-prioritization,"Discordei da priorizacao de MVP, aceitei o voto do comite e ainda entreguei o top recurso pedido",45,"Case do LP correto (disagree_and_commit); Conceito alinhado (+5)"
disagree_and_commit,NORMAL,"Me fale sobre quando você teve que se comprometer com algo que não concordava","Tell me about when you had to commit to something you didn't agree with",não,,"",40,"Nenhum case adequado. Melhor disponível: ""Defendi foco em retencao e depois liderei o plano hibrido aprovado pelo CEO"" (score 40/100). Case do LP correto (disagree_and_commit)"
disagree_and_commit,NORMAL,"Como você lida com disagreements na equipe?","How do you handle disagreements in the team?",sim,unimed-retention-strategy,"Defendi foco em retencao e depois liderei o plano hibrido aprovado pelo CEO",60,"Case do LP correto (disagree_and_commit); Contexto de liderança/equipe alinhado"
disagree_and_commit,NORMAL,"Me dê um exemplo de quando você defendeu uma posição impopular","Give me an example of when you defended an unpopular position",não,,"",40,"Nenhum case adequado. Melhor disponível: ""Defendi foco em retencao e depois liderei o plano hibrido aprovado pelo CEO"" (score 40/100). Case do LP correto (disagree_and_commit)"
disagree_and_commit,NORMAL,"Me dê um exemplo de quando você se comprometeu com uma decisão de grupo mesmo discordando","Give me an example of when you committed to a group decision even disagreeing",sim,bradesco-mvp-feature-prioritization,"Discordei da priorizacao de MVP, aceitei o voto do comite e ainda entreguei o top recurso pedido",45,"Case do LP correto (disagree_and_commit); Conceito alinhado (+5)"
disagree_and_commit,NORMAL,"Conte sobre quando você discordou de um colega/PM/gestor porque achava que estava errado para o cliente","Tell me about when you disagreed with colleague/PM/manager because you thought it was wrong for customer",sim,bradesco-mvp-feature-prioritization,"Discordei da priorizacao de MVP, aceitei o voto do comite e ainda entreguei o top recurso pedido",45,"Case do LP correto (disagree_and_commit); Conceito alinhado (+5)"
disagree_and_commit,NORMAL,"Descreva uma vez que você teve uma ideia que não foi aceita - como você reagiu?","Describe a time you had an idea that wasn't accepted - how did you react?",sim,commit-on-disagreement-product-strategy,"Escalei discordancia sobre estrategia de pricing e liderei o piloto aprovado sem ruido",50,"Case do LP correto (disagree_and_commit); 1 keyword presente"
disagree_and_commit,NORMAL,"Me fale sobre um conflito que você resolveu - qual foi o processo?","Tell me about a conflict you resolved - what was the process?",sim,bradesco-mvp-feature-prioritization,"Discordei da priorizacao de MVP, aceitei o voto do comite e ainda entreguei o top recurso pedido",45,"Case do LP correto (disagree_and_commit); Conceito alinhado (+5)"
disagree_and_commit,NORMAL,"Como você desafia respeitosamente decisões mas depois se compromete totalmente?","How do you respectfully challenge decisions but then fully commit?",sim,commit-on-disagreement-product-strategy,"Escalei discordancia sobre estrategia de pricing e liderei o piloto aprovado sem ruido",50,"Case do LP correto (disagree_and_commit); 1 keyword presente"
deliver_results,ALTA,"Conte sobre um projeto desafiador entregue com sucesso superando obstáculos significativos","Tell me about a challenging project delivered successfully overcoming significant obstacles",não,,"",40,"Nenhum case adequado. Melhor disponível: ""Liderei o Upgrade 4G/5G da Copa do Mundo 2014 Entregando 99,8% de Disponibilidade"" (score 40/100). Case do LP correto (deliver_results)"
deliver_results,NORMAL,"Me fale sobre uma vez que você entregou sob pressão","Tell me about a time you delivered under pressure",não,,"",40,"Nenhum case adequado. Melhor disponível: ""Liderei o Upgrade 4G/5G da Copa do Mundo 2014 Entregando 99,8% de Disponibilidade"" (score 40/100). Case do LP correto (deliver_results)"
deliver_results,NORMAL,"Como você lida com prazos apertados?","How do you handle tight deadlines?",não,,"",40,"Nenhum case adequado. Melhor disponível: ""Liderei o Upgrade 4G/5G da Copa do Mundo 2014 Entregando 99,8% de Disponibilidade"" (score 40/100). Case do LP correto (deliver_results)"
deliver_results,NORMAL,"Me dê um exemplo de quando você teve que priorizar para entregar no prazo","Give me an example of when you had to prioritize to deliver on time",sim,huawei-world-cup-4g,"Liderei o Upgrade 4G/5G da Copa do Mundo 2014 Entregando 99,8% de Disponibilidade",45,"Case do LP correto (deliver_results); Conceito alinhado (+5)"
deliver_results,NORMAL,"Conte sobre quando você não gerenciou prioridades efetivamente e algo não foi entregue no prazo","Tell me about when you didn't manage priorities effectively and something wasn't delivered on time",não,,"",40,"Nenhum case adequado. Melhor disponível: ""Liderei o Upgrade 4G/5G da Copa do Mundo 2014 Entregando 99,8% de Disponibilidade"" (score 40/100). Case do LP correto (deliver_results)"
deliver_results,NORMAL,"Me fale sobre quando você teve dois deadlines ao mesmo tempo - como gerenciou?","Tell me about when you had two deadlines at same time - how did you manage?",não,,"",40,"Nenhum case adequado. Melhor disponível: ""Liderei o Upgrade 4G/5G da Copa do Mundo 2014 Entregando 99,8% de Disponibilidade"" (score 40/100). Case do LP correto (deliver_results)"
deliver_results,NORMAL,"Descreva uma vez que você teve que entregar resultados diante de desafios significativos","Describe a time you had to deliver results facing significant challenges",sim,huawei-world-cup-4g,"Liderei o Upgrade 4G/5G da Copa do Mundo 2014 Entregando 99,8% de Disponibilidade",50,"Case do LP correto (deliver_results); Conceito alinhado (+10)"
deliver_results,NORMAL,"Como você foca nos inputs-chave do negócio e os entrega com qualidade no prazo?","How do you focus on key business inputs and deliver them with quality on time?",sim,huawei-world-cup-4g,"Liderei o Upgrade 4G/5G da Copa do Mundo 2014 Entregando 99,8% de Disponibilidade",45,"Case do LP correto (deliver_results); Conceito alinhado (+5)"
deliver_results,NORMAL,"Conte sobre quando você se recusou a baixar padrões apesar de pressão por deadlines","Tell me about when you refused to lower standards despite deadline pressure",não,,"",40,"Nenhum case adequado. Melhor disponível: ""Liderei o Upgrade 4G/5G da Copa do Mundo 2014 Entregando 99,8% de Disponibilidade"" (score 40/100). Case do LP correto (deliver_results)"
deliver_results,NORMAL,"Conte sobre uma meta desafiadora que você alcançou","Tell me about a challenging goal you achieved",sim,huawei-world-cup-4g,"Liderei o Upgrade 4G/5G da Copa do Mundo 2014 Entregando 99,8% de Disponibilidade",45,"Case do LP correto (deliver_results); Conceito alinhado (+5)"
best_employer,ALTA,"Conte sobre como você cria um ambiente de trabalho melhor","Tell me about how you create a better work environment",sim,sefaz-reverse-mentoring-program,"Criando Ambiente de Trabalho Melhor: Reverse Mentoring que Elevou eNPS para 82 e Uniu Gerações",60,"Case do LP correto (best_employer); 1 keyword presente; Título muito alinhado com pergunta"
best_employer,NORMAL,"Me fale sobre quando você priorizou o bem-estar da equipe","Tell me about when you prioritized team well-being",sim,bradesco-agile-community-creation,"Escalei a guilda de produto e promovi 18 lideres em seis meses",60,"Case do LP correto (best_employer); Contexto de liderança/equipe alinhado"
best_employer,NORMAL,"Como você promove diversidade e inclusão?","How do you promote diversity and inclusion?",não,,"",40,"Nenhum case adequado. Melhor disponível: ""Escalei a guilda de produto e promovi 18 lideres em seis meses"" (score 40/100). Case do LP correto (best_employer)"
best_employer,NORMAL,"Descreva uma situação onde você defendeu sua equipe","Describe a situation where you advocated for your team",sim,bradesco-agile-community-creation,"Escalei a guilda de produto e promovi 18 lideres em seis meses",60,"Case do LP correto (best_employer); Contexto de liderança/equipe alinhado"
best_employer,NORMAL,"Me dê um exemplo de quando você investiu no crescimento de alguém","Give me an example of when you invested in someone's growth",não,,"",40,"Nenhum case adequado. Melhor disponível: ""Escalei a guilda de produto e promovi 18 lideres em seis meses"" (score 40/100). Case do LP correto (best_employer)"
best_employer,NORMAL,"Conte sobre uma vez que você fez seu ambiente de trabalho mais seguro, inclusivo ou divertido","Tell me about a time you made your work environment safer, more inclusive or more fun",não,,"",40,"Nenhum case adequado. Melhor disponível: ""Escalei a guilda de produto e promovi 18 lideres em seis meses"" (score 40/100). Case do LP correto (best_employer)"
best_employer,NORMAL,"Me fale sobre quando você teve que equilibrar produtividade com bem-estar da equipe","Tell me about when you had to balance productivity with team well-being",sim,bradesco-agile-community-creation,"Escalei a guilda de produto e promovi 18 lideres em seis meses",60,"Case do LP correto (best_employer); Contexto de liderança/equipe alinhado"
best_employer,NORMAL,"Descreva uma situação onde você criou oportunidade de crescimento para alguém","Describe a situation where you created growth opportunity for someone",não,,"",40,"Nenhum case adequado. Melhor disponível: ""Escalei a guilda de produto e promovi 18 lideres em seis meses"" (score 40/100). Case do LP correto (best_employer)"
best_employer,NORMAL,"Como você garante que diferentes perspectivas e backgrounds são valorizados?","How do you ensure different perspectives and backgrounds are valued?",não,,"",40,"Nenhum case adequado. Melhor disponível: ""Escalei a guilda de produto e promovi 18 lideres em seis meses"" (score 40/100). Case do LP correto (best_employer)"
best_employer,NORMAL,"Conte sobre quando você teve que tomar uma decisão pensando no que é melhor para as pessoas, não só nos resultados","Tell me about when you had to make decision thinking about what's best for people, not just results",não,,"",40,"Nenhum case adequado. Melhor disponível: ""Escalei a guilda de produto e promovi 18 lideres em seis meses"" (score 40/100). Case do LP correto (best_employer)"
broad_responsibility,ALTA,"Me fale sobre como você considera impacto mais amplo das suas decisões","Tell me about how you consider broader impact of your decisions",sim,sicredi-responsible-ai-policy,"Impacto Amplo das Decisões: Política de IA Responsável com Responsabilidade Social, Equidade e Transparência",100,"Case do LP correto (broad_responsibility); 3 keywords-chave presentes; Contexto de impacto amplo/responsabilidade social alinhado; Conceito alinhado (+20); Título muito alinhado com pergunta"
broad_responsibility,NORMAL,"Conte sobre uma vez que você agiu pensando na comunidade","Tell me about a time you acted thinking about community",sim,sicredi-responsible-ai-policy,"Impacto Amplo das Decisões: Política de IA Responsável com Responsabilidade Social, Equidade e Transparência",70,"Case do LP correto (broad_responsibility); Contexto de impacto amplo/responsabilidade social alinhado; Conceito alinhado (+5)"
broad_responsibility,NORMAL,"Como você equilibra resultados com responsabilidade social?","How do you balance results with social responsibility?",sim,sicredi-responsible-ai-policy,"Impacto Amplo das Decisões: Política de IA Responsável com Responsabilidade Social, Equidade e Transparência",100,"Case do LP correto (broad_responsibility); 3 keywords-chave presentes; Contexto de impacto amplo/responsabilidade social alinhado; Conceito alinhado (+5); Título muito alinhado com pergunta"
broad_responsibility,NORMAL,"Descreva uma situação onde você tomou a decisão certa, não a fácil","Describe a situation where you made the right decision, not the easy one",não,,"",40,"Nenhum case adequado. Melhor disponível: ""Implementação de Controles FATCA e AML em uma Operação de Escala Bilionária"" (score 40/100). Case do LP correto (broad_responsibility)"
broad_responsibility,NORMAL,"Me dê um exemplo de quando você considerou stakeholders além dos óbvios","Give me an example of when you considered stakeholders beyond the obvious",sim,sicredi-responsible-ai-policy,"Impacto Amplo das Decisões: Política de IA Responsável com Responsabilidade Social, Equidade e Transparência",70,"Case do LP correto (broad_responsibility); Contexto de impacto amplo/responsabilidade social alinhado; Conceito alinhado (+5)"
broad_responsibility,NORMAL,"Conte sobre quando você deixou algo melhor do que encontrou","Tell me about when you left something better than you found it",não,,"",40,"Nenhum case adequado. Melhor disponível: ""Implementação de Controles FATCA e AML em uma Operação de Escala Bilionária"" (score 40/100). Case do LP correto (broad_responsibility)"
broad_responsibility,NORMAL,"Me fale sobre uma decisão moral ou ética que você enfrentou no trabalho - como lidou?","Tell me about a moral or ethical decision you faced at work - how did you handle it?",não,,"",40,"Nenhum case adequado. Melhor disponível: ""Implementação de Controles FATCA e AML em uma Operação de Escala Bilionária"" (score 40/100). Case do LP correto (broad_responsibility)"
broad_responsibility,NORMAL,"Descreva uma vez que você considerou impactos de segunda ordem das suas ações","Describe a time you considered second-order impacts of your actions",sim,sicredi-responsible-ai-policy,"Impacto Amplo das Decisões: Política de IA Responsável com Responsabilidade Social, Equidade e Transparência",70,"Case do LP correto (broad_responsibility); 2 keywords presentes; Conceito alinhado (+10)"
broad_responsibility,NORMAL,"Como você pensa sobre comunidades locais, planeta e futuras gerações nas suas decisões?","How do you think about local communities, planet and future generations in your decisions?",sim,sicredi-responsible-ai-policy,"Impacto Amplo das Decisões: Política de IA Responsável com Responsabilidade Social, Equidade e Transparência",70,"Case do LP correto (broad_responsibility); Contexto de impacto amplo/responsabilidade social alinhado; Conceito alinhado (+5)"
broad_responsibility,NORMAL,"Conte sobre quando você escolheu fazer o certo mesmo custando resultados de curto prazo","Tell me about when you chose to do the right thing even costing short-term results",não,,"",40,"Nenhum case adequado. Melhor disponível: ""Implementação de Controles FATCA e AML em uma Operação de Escala Bilionária"" (score 40/100). Case do LP correto (broad_responsibility)"